Page,URL,Downloaded
1,https://www.sportsoho.com/pg/photos/thumbnail/10489714/original/1729731529.jpg,Y
1,https://www.sportsoho.com/pg/photos/thumbnail/10489715/original/1729731531.jpg,Y
1,https://www.sportsoho.com/pg/photos/thumbnail/10489716/original/1729731533.jpg,Y
1,https://www.sportsoho.com/pg/photos/thumbnail/10489717/original/1729731535.jpg,Y
1,https://www.sportsoho.com/pg/photos/thumbnail/10489718/original/1729731536.jpg,Y
1,https://www.sportsoho.com/pg/photos/thumbnail/10489719/original/1729731538.jpg,Y
1,https://www.sportsoho.com/pg/photos/thumbnail/10489720/original/1729731540.jpg,Y
1,https://www.sportsoho.com/pg/photos/thumbnail/10489721/original/1729731542.jpg,Y
1,https://www.sportsoho.com/pg/photos/thumbnail/10489722/original/1729731544.jpg,Y
1,https://www.sportsoho.com/pg/photos/thumbnail/10489723/original/1729731546.jpg,Y
1,https://www.sportsoho.com/pg/photos/thumbnail/10489724/original/1729731547.jpg,Y
1,https://www.sportsoho.com/pg/photos/thumbnail/10489725/original/1729731549.jpg,Y
1,https://www.sportsoho.com/pg/photos/thumbnail/10489726/original/1729731551.jpg,Y
1,https://www.sportsoho.com/pg/photos/thumbnail/10489727/original/1729731553.jpg,Y
1,https://www.sportsoho.com/pg/photos/thumbnail/10489728/original/1729731555.jpg,Y
1,https://www.sportsoho.com/pg/photos/thumbnail/10489729/original/1729731558.jpg,Y
1,https://www.sportsoho.com/pg/photos/thumbnail/10489730/original/1729731559.jpg,Y
1,https://www.sportsoho.com/pg/photos/thumbnail/10489731/original/1729731563.jpg,Y
2,https://www.sportsoho.com/pg/photos/thumbnail/10489732/original/1729731565.jpg,Y
2,https://www.sportsoho.com/pg/photos/thumbnail/10489733/original/1729731568.jpg,Y
2,https://www.sportsoho.com/pg/photos/thumbnail/10489734/original/1729731570.jpg,Y
2,https://www.sportsoho.com/pg/photos/thumbnail/10489736/original/1729731572.jpg,Y
2,https://www.sportsoho.com/pg/photos/thumbnail/10489738/original/1729731573.jpg,Y
2,https://www.sportsoho.com/pg/photos/thumbnail/10489740/original/1729731575.jpg,Y
2,https://www.sportsoho.com/pg/photos/thumbnail/10489742/original/1729731577.jpg,Y
2,https://www.sportsoho.com/pg/photos/thumbnail/10489744/original/1729731579.jpg,Y
2,https://www.sportsoho.com/pg/photos/thumbnail/10489746/original/1729731581.jpg,Y
2,https://www.sportsoho.com/pg/photos/thumbnail/10489748/original/1729731583.jpg,Y
2,https://www.sportsoho.com/pg/photos/thumbnail/10489750/original/1729731584.jpg,Y
2,https://www.sportsoho.com/pg/photos/thumbnail/10489752/original/1729731586.jpg,Y
2,https://www.sportsoho.com/pg/photos/thumbnail/10489754/original/1729731588.jpg,Y
2,https://www.sportsoho.com/pg/photos/thumbnail/10489756/original/1729731590.jpg,Y
2,https://www.sportsoho.com/pg/photos/thumbnail/10489758/original/1729731592.jpg,Y
2,https://www.sportsoho.com/pg/photos/thumbnail/10489760/original/1729731594.jpg,Y
2,https://www.sportsoho.com/pg/photos/thumbnail/10489762/original/1729731596.jpg,Y
2,https://www.sportsoho.com/pg/photos/thumbnail/10489764/original/1729731598.jpg,Y
3,https://www.sportsoho.com/pg/photos/thumbnail/10489766/original/1729731600.jpg,Y
3,https://www.sportsoho.com/pg/photos/thumbnail/10489768/original/1729731602.jpg,Y
3,https://www.sportsoho.com/pg/photos/thumbnail/10489770/original/1729731604.jpg,Y
3,https://www.sportsoho.com/pg/photos/thumbnail/10489772/original/1729731606.jpg,Y
3,https://www.sportsoho.com/pg/photos/thumbnail/10489774/original/1729731608.jpg,Y
3,https://www.sportsoho.com/pg/photos/thumbnail/10489776/original/1729731610.jpg,Y
3,https://www.sportsoho.com/pg/photos/thumbnail/10489778/original/1729731611.jpg,Y
3,https://www.sportsoho.com/pg/photos/thumbnail/10489780/original/1729731613.jpg,Y
3,https://www.sportsoho.com/pg/photos/thumbnail/10489782/original/1729731615.jpg,Y
3,https://www.sportsoho.com/pg/photos/thumbnail/10489784/original/1729731617.jpg,Y
3,https://www.sportsoho.com/pg/photos/thumbnail/10489786/original/1729731619.jpg,Y
3,https://www.sportsoho.com/pg/photos/thumbnail/10489788/original/1729731621.jpg,Y
3,https://www.sportsoho.com/pg/photos/thumbnail/10489790/original/1729731623.jpg,Y
3,https://www.sportsoho.com/pg/photos/thumbnail/10489792/original/1729731625.jpg,Y
3,https://www.sportsoho.com/pg/photos/thumbnail/10489794/original/1729731626.jpg,Y
3,https://www.sportsoho.com/pg/photos/thumbnail/10489796/original/1729731628.jpg,Y
3,https://www.sportsoho.com/pg/photos/thumbnail/10489798/original/1729731630.jpg,Y
3,https://www.sportsoho.com/pg/photos/thumbnail/10489800/original/1729731632.jpg,Y
4,https://www.sportsoho.com/pg/photos/thumbnail/10489802/original/1729731634.jpg,Y
4,https://www.sportsoho.com/pg/photos/thumbnail/10489804/original/1729731636.jpg,Y
4,https://www.sportsoho.com/pg/photos/thumbnail/10489806/original/1729731638.jpg,Y
4,https://www.sportsoho.com/pg/photos/thumbnail/10489808/original/1729731640.jpg,Y
4,https://www.sportsoho.com/pg/photos/thumbnail/10489810/original/1729731642.jpg,Y
4,https://www.sportsoho.com/pg/photos/thumbnail/10489812/original/1729731643.jpg,Y
4,https://www.sportsoho.com/pg/photos/thumbnail/10489814/original/1729731645.jpg,Y
4,https://www.sportsoho.com/pg/photos/thumbnail/10489816/original/1729731647.jpg,Y
4,https://www.sportsoho.com/pg/photos/thumbnail/10489818/original/1729731649.jpg,Y
4,https://www.sportsoho.com/pg/photos/thumbnail/10489820/original/1729731652.jpg,Y
4,https://www.sportsoho.com/pg/photos/thumbnail/10489822/original/1729731655.jpg,Y
4,https://www.sportsoho.com/pg/photos/thumbnail/10489824/original/1729731657.jpg,Y
4,https://www.sportsoho.com/pg/photos/thumbnail/10489826/original/1729731659.jpg,Y
4,https://www.sportsoho.com/pg/photos/thumbnail/10489828/original/1729731660.jpg,Y
4,https://www.sportsoho.com/pg/photos/thumbnail/10489831/original/1729731662.jpg,Y
4,https://www.sportsoho.com/pg/photos/thumbnail/10489833/original/1729731665.jpg,Y
4,https://www.sportsoho.com/pg/photos/thumbnail/10489835/original/1729731667.jpg,Y
4,https://www.sportsoho.com/pg/photos/thumbnail/10489837/original/1729731669.jpg,Y
5,https://www.sportsoho.com/pg/photos/thumbnail/10489910/original/1729731745.jpg,Y
5,https://www.sportsoho.com/pg/photos/thumbnail/10489912/original/1729731747.jpg,Y
5,https://www.sportsoho.com/pg/photos/thumbnail/10489914/original/1729731749.jpg,Y
5,https://www.sportsoho.com/pg/photos/thumbnail/10489916/original/1729731751.jpg,Y
5,https://www.sportsoho.com/pg/photos/thumbnail/10489918/original/1729731753.jpg,Y
5,https://www.sportsoho.com/pg/photos/thumbnail/10489920/original/1729731755.jpg,Y
5,https://www.sportsoho.com/pg/photos/thumbnail/10489922/original/1729731757.jpg,Y
5,https://www.sportsoho.com/pg/photos/thumbnail/10489924/original/1729731759.jpg,Y
5,https://www.sportsoho.com/pg/photos/thumbnail/10489926/original/1729731761.jpg,Y
5,https://www.sportsoho.com/pg/photos/thumbnail/10489928/original/1729731763.jpg,Y
5,https://www.sportsoho.com/pg/photos/thumbnail/10489929/original/1729731765.jpg,Y
5,https://www.sportsoho.com/pg/photos/thumbnail/10489932/original/1729731767.jpg,Y
5,https://www.sportsoho.com/pg/photos/thumbnail/10489934/original/1729731769.jpg,Y
5,https://www.sportsoho.com/pg/photos/thumbnail/10489935/original/1729731771.jpg,Y
5,https://www.sportsoho.com/pg/photos/thumbnail/10489937/original/1729731773.jpg,Y
5,https://www.sportsoho.com/pg/photos/thumbnail/10489939/original/1729731775.jpg,Y
5,https://www.sportsoho.com/pg/photos/thumbnail/10489941/original/1729731777.jpg,Y
5,https://www.sportsoho.com/pg/photos/thumbnail/10489943/original/1729731779.jpg,Y
6,https://www.sportsoho.com/pg/photos/thumbnail/10489945/original/1729731781.jpg,Y
6,https://www.sportsoho.com/pg/photos/thumbnail/10489947/original/1729731783.jpg,Y
6,https://www.sportsoho.com/pg/photos/thumbnail/10489950/original/1729731787.jpg,Y
6,https://www.sportsoho.com/pg/photos/thumbnail/10489951/original/1729731790.jpg,Y
6,https://www.sportsoho.com/pg/photos/thumbnail/10489953/original/1729731792.jpg,Y
6,https://www.sportsoho.com/pg/photos/thumbnail/10489955/original/1729731795.jpg,Y
6,https://www.sportsoho.com/pg/photos/thumbnail/10489958/original/1729731797.jpg,Y
6,https://www.sportsoho.com/pg/photos/thumbnail/10489959/original/1729731800.jpg,Y
6,https://www.sportsoho.com/pg/photos/thumbnail/10489961/original/1729731802.jpg,Y
6,https://www.sportsoho.com/pg/photos/thumbnail/10489963/original/1729731804.jpg,Y
6,https://www.sportsoho.com/pg/photos/thumbnail/10489965/original/1729731807.jpg,Y
6,https://www.sportsoho.com/pg/photos/thumbnail/10489967/original/1729731809.jpg,Y
6,https://www.sportsoho.com/pg/photos/thumbnail/10489969/original/1729731812.jpg,Y
6,https://www.sportsoho.com/pg/photos/thumbnail/10489971/original/1729731814.jpg,Y
6,https://www.sportsoho.com/pg/photos/thumbnail/10489973/original/1729731816.jpg,Y
6,https://www.sportsoho.com/pg/photos/thumbnail/10489976/original/1729731819.jpg,Y
6,https://www.sportsoho.com/pg/photos/thumbnail/10489978/original/1729731821.jpg,Y
6,https://www.sportsoho.com/pg/photos/thumbnail/10489980/original/1729731823.jpg,Y
7,https://www.sportsoho.com/pg/photos/thumbnail/10489982/original/1729731825.jpg,Y
7,https://www.sportsoho.com/pg/photos/thumbnail/10489983/original/1729731828.jpg,Y
7,https://www.sportsoho.com/pg/photos/thumbnail/10489986/original/1729731830.jpg,Y
7,https://www.sportsoho.com/pg/photos/thumbnail/10489988/original/1729731832.jpg,Y
7,https://www.sportsoho.com/pg/photos/thumbnail/10489990/original/1729731835.jpg,Y
7,https://www.sportsoho.com/pg/photos/thumbnail/10489992/original/1729731837.jpg,Y
7,https://www.sportsoho.com/pg/photos/thumbnail/10489993/original/1729731840.jpg,Y
7,https://www.sportsoho.com/pg/photos/thumbnail/10489996/original/1729731843.jpg,Y
7,https://www.sportsoho.com/pg/photos/thumbnail/10489997/original/1729731845.jpg,Y
7,https://www.sportsoho.com/pg/photos/thumbnail/10490000/original/1729731848.jpg,Y
7,https://www.sportsoho.com/pg/photos/thumbnail/10490002/original/1729731850.jpg,Y
7,https://www.sportsoho.com/pg/photos/thumbnail/10490003/original/1729731853.jpg,Y
7,https://www.sportsoho.com/pg/photos/thumbnail/10490005/original/1729731856.jpg,Y
7,https://www.sportsoho.com/pg/photos/thumbnail/10490008/original/1729731859.jpg,Y
7,https://www.sportsoho.com/pg/photos/thumbnail/10490010/original/1729731862.jpg,Y
7,https://www.sportsoho.com/pg/photos/thumbnail/10490012/original/1729731864.jpg,Y
7,https://www.sportsoho.com/pg/photos/thumbnail/10490014/original/1729731867.jpg,Y
7,https://www.sportsoho.com/pg/photos/thumbnail/10490016/original/1729731870.jpg,Y
